-- --------------------------------------------------------
-- Host:                         127.0.0.1
-- Server version:               10.11.4-MariaDB - mariadb.org binary distribution
-- Server OS:                    Win64
-- HeidiSQL Version:             12.3.0.6589
-- --------------------------------------------------------

/*!40101 SET @OLD_CHARACTER_SET_CLIENT=@@CHARACTER_SET_CLIENT */;
/*!40101 SET NAMES utf8 */;
/*!50503 SET NAMES utf8mb4 */;
/*!40103 SET @OLD_TIME_ZONE=@@TIME_ZONE */;
/*!40103 SET TIME_ZONE='+00:00' */;
/*!40014 SET @OLD_FOREIGN_KEY_CHECKS=@@FOREIGN_KEY_CHECKS, FOREIGN_KEY_CHECKS=0 */;
/*!40101 SET @OLD_SQL_MODE=@@SQL_MODE, SQL_MODE='NO_AUTO_VALUE_ON_ZERO' */;
/*!40111 SET @OLD_SQL_NOTES=@@SQL_NOTES, SQL_NOTES=0 */;


-- Dumping database structure for facebookclone
CREATE DATABASE IF NOT EXISTS `facebookclone` /*!40100 DEFAULT CHARACTER SET utf8mb4 COLLATE utf8mb4_general_ci */;
USE `facebookclone`;

-- Dumping structure for table facebookclone.comments
CREATE TABLE IF NOT EXISTS `comments` (
  `comment_id` int(11) unsigned NOT NULL AUTO_INCREMENT,
  `user_id` int(11) unsigned NOT NULL,
  `post_id` int(11) unsigned NOT NULL,
  `comment` text NOT NULL,
  `created_at` timestamp NULL DEFAULT current_timestamp(),
  `updated_at` timestamp NULL DEFAULT NULL ON UPDATE current_timestamp(),
  PRIMARY KEY (`comment_id`),
  KEY `user_id` (`user_id`),
  KEY `post_id` (`post_id`),
  CONSTRAINT `comments_ibfk_1` FOREIGN KEY (`user_id`) REFERENCES `users` (`user_id`),
  CONSTRAINT `comments_ibfk_2` FOREIGN KEY (`post_id`) REFERENCES `posts` (`post_id`)
) ENGINE=InnoDB AUTO_INCREMENT=51 DEFAULT CHARSET=utf8mb4 COLLATE=utf8mb4_general_ci;

-- Dumping data for table facebookclone.comments: ~50 rows (approximately)
INSERT INTO `comments` (`comment_id`, `user_id`, `post_id`, `comment`, `created_at`, `updated_at`) VALUES
	(1, 46, 9, 'consequat metus sapien ut nunc vestibulum ante ipsum primis in faucibus orci luctus et ultrices posuere cubilia curae mauris viverra', '2023-05-20 17:00:00', '2022-09-17 17:00:00'),
	(2, 46, 9, 'vestibulum ante ipsum primis in faucibus orci luctus et ultrices posuere', '2023-05-04 17:00:00', '2023-05-29 17:00:00'),
	(3, 46, 2, 'elementum nullam varius nulla facilisi cras non velit nec nisi vulputate nonummy maecenas tincidunt lacus at velit', '2023-06-13 17:00:00', '2022-08-07 17:00:00'),
	(4, 10, 5, 'tincidunt in leo maecenas pulvinar lobortis est phasellus sit amet erat nulla tempus vivamus in felis eu', '2023-07-22 17:00:00', '2023-06-01 17:00:00'),
	(5, 20, 12, 'sociis natoque penatibus et magnis dis parturient montes nascetur ridiculus mus vivamus vestibulum sagittis sapien cum', '2022-09-19 17:00:00', '2022-11-15 17:00:00'),
	(6, 24, 3, 'ultrices posuere cubilia curae duis faucibus accumsan odio curabitur convallis duis consequat dui nec nisi volutpat eleifend donec ut', '2023-05-03 17:00:00', '2023-06-25 17:00:00'),
	(7, 13, 15, 'velit id pretium iaculis diam erat fermentum justo nec condimentum neque sapien', '2023-07-07 17:00:00', '2022-12-26 17:00:00'),
	(8, 29, 13, 'sit amet cursus id turpis integer aliquet massa id lobortis convallis tortor risus', '2023-07-18 17:00:00', '2023-03-28 17:00:00'),
	(9, 45, 5, 'lorem quisque ut erat curabitur gravida nisi at nibh in hac habitasse platea dictumst aliquam augue quam', '2022-08-12 17:00:00', '2023-06-13 17:00:00'),
	(10, 27, 15, 'rhoncus aliquet pulvinar sed nisl nunc rhoncus dui vel sem sed sagittis nam congue risus semper porta volutpat', '2023-06-28 17:00:00', '2023-05-04 17:00:00'),
	(11, 49, 13, 'ultrices vel augue vestibulum ante ipsum primis in faucibus orci luctus', '2023-02-22 17:00:00', '2023-06-15 17:00:00'),
	(12, 43, 11, 'pellentesque ultrices mattis odio donec vitae nisi nam ultrices libero non mattis pulvinar', '2022-10-28 17:00:00', '2022-09-19 17:00:00'),
	(13, 6, 11, 'in sapien iaculis congue vivamus metus arcu adipiscing molestie hendrerit at vulputate vitae nisl aenean lectus', '2022-09-06 17:00:00', '2023-06-09 17:00:00'),
	(14, 49, 3, 'neque duis bibendum morbi non quam nec dui luctus rutrum nulla tellus in sagittis dui vel nisl duis ac', '2023-02-08 17:00:00', '2023-01-01 17:00:00'),
	(15, 2, 10, 'nisl nunc rhoncus dui vel sem sed sagittis nam congue risus semper', '2023-04-18 17:00:00', '2023-04-30 17:00:00'),
	(16, 41, 4, 'viverra diam vitae quam suspendisse potenti nullam porttitor lacus at', '2022-08-12 17:00:00', '2023-04-03 17:00:00'),
	(17, 27, 19, 'hac habitasse platea dictumst aliquam augue quam sollicitudin vitae consectetuer eget rutrum at', '2023-01-03 17:00:00', '2023-02-04 17:00:00'),
	(18, 34, 6, 'orci luctus et ultrices posuere cubilia curae mauris viverra diam vitae quam suspendisse', '2022-12-03 17:00:00', '2022-09-01 17:00:00'),
	(19, 11, 11, 'aliquet maecenas leo odio condimentum id luctus nec molestie sed', '2023-05-15 17:00:00', '2022-11-28 17:00:00'),
	(20, 39, 6, 'ullamcorper purus sit amet nulla quisque arcu libero rutrum ac', '2023-03-01 17:00:00', '2023-02-04 17:00:00'),
	(21, 39, 17, 'magna vulputate luctus cum sociis natoque penatibus et magnis dis parturient montes nascetur ridiculus mus vivamus', '2022-09-21 17:00:00', '2023-01-08 17:00:00'),
	(22, 41, 11, 'vivamus metus arcu adipiscing molestie hendrerit at vulputate vitae nisl aenean lectus pellentesque eget nunc donec', '2022-08-10 17:00:00', '2022-10-10 17:00:00'),
	(23, 2, 8, 'viverra dapibus nulla suscipit ligula in lacus curabitur at ipsum ac', '2022-12-18 17:00:00', '2023-02-03 17:00:00'),
	(24, 15, 4, 'sollicitudin mi sit amet lobortis sapien sapien non mi integer ac neque duis bibendum morbi non', '2022-12-07 17:00:00', '2023-05-21 17:00:00'),
	(25, 42, 13, 'pretium quis lectus suspendisse potenti in eleifend quam a odio in hac habitasse platea dictumst maecenas', '2023-02-23 17:00:00', '2022-09-24 17:00:00'),
	(26, 22, 6, 'sed accumsan felis ut at dolor quis odio consequat varius integer ac leo pellentesque ultrices mattis', '2022-11-07 17:00:00', '2022-09-29 17:00:00'),
	(27, 9, 18, 'libero ut massa volutpat convallis morbi odio odio elementum eu interdum eu', '2022-08-07 17:00:00', '2022-11-10 17:00:00'),
	(28, 32, 8, 'in hac habitasse platea dictumst aliquam augue quam sollicitudin vitae consectetuer eget rutrum at lorem integer tincidunt ante vel ipsum', '2022-10-12 17:00:00', '2022-08-09 17:00:00'),
	(29, 46, 4, 'dapibus duis at velit eu est congue elementum in hac habitasse platea dictumst morbi vestibulum velit id pretium iaculis diam', '2023-07-16 17:00:00', '2023-06-24 17:00:00'),
	(30, 43, 3, 'quis orci eget orci vehicula condimentum curabitur in libero ut massa volutpat convallis morbi odio odio elementum eu interdum eu', '2023-04-26 17:00:00', '2023-02-07 17:00:00'),
	(31, 21, 13, 'ac lobortis vel dapibus at diam nam tristique tortor eu pede', '2023-05-22 17:00:00', '2022-08-22 17:00:00'),
	(32, 23, 2, 'cubilia curae nulla dapibus dolor vel est donec odio justo sollicitudin ut suscipit a feugiat', '2023-01-23 17:00:00', '2023-02-01 17:00:00'),
	(33, 2, 5, 'accumsan odio curabitur convallis duis consequat dui nec nisi volutpat eleifend', '2022-08-31 17:00:00', '2023-07-08 17:00:00'),
	(34, 35, 3, 'mauris enim leo rhoncus sed vestibulum sit amet cursus id', '2022-08-04 17:00:00', '2023-01-07 17:00:00'),
	(35, 33, 14, 'amet eleifend pede libero quis orci nullam molestie nibh in lectus pellentesque at nulla suspendisse potenti cras in', '2023-01-04 17:00:00', '2023-06-06 17:00:00'),
	(36, 28, 16, 'donec pharetra magna vestibulum aliquet ultrices erat tortor sollicitudin mi sit amet lobortis sapien sapien non mi', '2023-05-23 17:00:00', '2023-02-27 17:00:00'),
	(37, 16, 9, 'enim leo rhoncus sed vestibulum sit amet cursus id turpis integer aliquet massa id lobortis convallis', '2023-02-12 17:00:00', '2022-10-21 17:00:00'),
	(38, 10, 14, 'nulla dapibus dolor vel est donec odio justo sollicitudin ut suscipit a feugiat et eros vestibulum ac est lacinia nisi', '2023-01-12 17:00:00', '2022-08-26 17:00:00'),
	(39, 44, 15, 'donec quis orci eget orci vehicula condimentum curabitur in libero ut', '2023-05-16 17:00:00', '2023-06-03 17:00:00'),
	(40, 43, 3, 'facilisi cras non velit nec nisi vulputate nonummy maecenas tincidunt lacus at velit vivamus vel nulla eget eros elementum pellentesque', '2022-10-01 17:00:00', '2023-03-11 17:00:00'),
	(41, 46, 4, 'erat vestibulum sed magna at nunc commodo placerat praesent blandit nam nulla integer pede justo lacinia eget tincidunt eget tempus', '2022-08-29 17:00:00', '2023-05-04 17:00:00'),
	(42, 30, 20, 'quisque id justo sit amet sapien dignissim vestibulum vestibulum ante ipsum primis in faucibus orci luctus et ultrices', '2022-08-01 17:00:00', '2023-06-07 17:00:00'),
	(43, 25, 19, 'nunc donec quis orci eget orci vehicula condimentum curabitur in libero ut massa volutpat convallis morbi', '2023-04-05 17:00:00', '2023-05-12 17:00:00'),
	(44, 14, 3, 'risus semper porta volutpat quam pede lobortis ligula sit amet', '2022-12-10 17:00:00', '2023-03-06 17:00:00'),
	(45, 48, 14, 'ridiculus mus vivamus vestibulum sagittis sapien cum sociis natoque penatibus et magnis dis parturient montes nascetur ridiculus mus etiam vel', '2023-01-06 17:00:00', '2023-04-07 17:00:00'),
	(46, 12, 17, 'vivamus metus arcu adipiscing molestie hendrerit at vulputate vitae nisl aenean lectus pellentesque eget nunc donec quis orci', '2023-05-23 17:00:00', '2023-03-31 17:00:00'),
	(47, 43, 1, 'nulla tellus in sagittis dui vel nisl duis ac nibh fusce lacus purus aliquet at feugiat non', '2023-05-28 17:00:00', '2023-06-26 17:00:00'),
	(48, 8, 2, 'id massa id nisl venenatis lacinia aenean sit amet justo morbi ut odio cras', '2023-02-02 17:00:00', '2022-08-17 17:00:00'),
	(49, 14, 6, 'sit amet lobortis sapien sapien non mi integer ac neque duis', '2023-06-11 17:00:00', '2022-08-12 17:00:00'),
	(50, 50, 13, 'eu mi nulla ac enim in tempor turpis nec euismod scelerisque quam turpis adipiscing', '2023-05-10 17:00:00', '2022-10-31 17:00:00');

-- Dumping structure for table facebookclone.friends
CREATE TABLE IF NOT EXISTS `friends` (
  `friend_id` int(11) unsigned NOT NULL AUTO_INCREMENT,
  `user_id1` int(11) unsigned NOT NULL,
  `user_id2` int(11) unsigned NOT NULL,
  `status` enum('pending','accepted','declined','blocked') NOT NULL,
  `action_user_id` int(11) unsigned NOT NULL,
  `created_at` timestamp NULL DEFAULT current_timestamp(),
  `updated_at` timestamp NULL DEFAULT NULL ON UPDATE current_timestamp(),
  PRIMARY KEY (`friend_id`),
  KEY `user_id1` (`user_id1`),
  KEY `user_id2` (`user_id2`),
  KEY `action_user_id` (`action_user_id`),
  CONSTRAINT `friends_ibfk_1` FOREIGN KEY (`user_id1`) REFERENCES `users` (`user_id`),
  CONSTRAINT `friends_ibfk_2` FOREIGN KEY (`user_id2`) REFERENCES `users` (`user_id`),
  CONSTRAINT `friends_ibfk_3` FOREIGN KEY (`action_user_id`) REFERENCES `users` (`user_id`)
) ENGINE=InnoDB AUTO_INCREMENT=51 DEFAULT CHARSET=utf8mb4 COLLATE=utf8mb4_general_ci;

-- Dumping data for table facebookclone.friends: ~50 rows (approximately)
INSERT INTO `friends` (`friend_id`, `user_id1`, `user_id2`, `status`, `action_user_id`, `created_at`, `updated_at`) VALUES
	(1, 1, 34, 'declined', 22, '2022-12-19 17:00:00', '2022-08-24 17:00:00'),
	(2, 21, 24, 'blocked', 7, '2023-02-10 17:00:00', '2022-08-03 17:00:00'),
	(3, 28, 11, 'declined', 31, '2023-03-30 17:00:00', '2023-06-20 17:00:00'),
	(4, 27, 42, 'blocked', 33, '2022-08-17 17:00:00', '2023-05-27 17:00:00'),
	(5, 46, 31, 'accepted', 47, '2022-09-04 17:00:00', '2023-04-12 17:00:00'),
	(6, 32, 1, 'blocked', 46, '2022-07-27 17:00:00', '2022-08-15 17:00:00'),
	(7, 36, 39, 'accepted', 47, '2022-12-15 17:00:00', '2023-06-18 17:00:00'),
	(8, 7, 32, 'blocked', 24, '2023-05-01 17:00:00', '2022-08-12 17:00:00'),
	(9, 23, 50, 'pending', 5, '2022-10-30 17:00:00', '2023-04-21 17:00:00'),
	(10, 43, 34, 'accepted', 36, '2023-04-01 17:00:00', '2022-12-20 17:00:00'),
	(11, 48, 11, 'accepted', 42, '2022-12-04 17:00:00', '2023-01-30 17:00:00'),
	(12, 48, 17, 'pending', 40, '2022-09-29 17:00:00', '2022-12-20 17:00:00'),
	(13, 36, 48, 'pending', 46, '2023-03-20 17:00:00', '2023-01-29 17:00:00'),
	(14, 34, 19, 'declined', 8, '2023-01-06 17:00:00', '2023-06-23 17:00:00'),
	(15, 38, 13, 'accepted', 12, '2022-11-01 17:00:00', '2022-10-30 17:00:00'),
	(16, 30, 38, 'accepted', 39, '2023-04-21 17:00:00', '2022-08-16 17:00:00'),
	(17, 44, 23, 'pending', 27, '2023-06-02 17:00:00', '2022-09-26 17:00:00'),
	(18, 45, 3, 'pending', 45, '2023-05-20 17:00:00', '2022-11-30 17:00:00'),
	(19, 42, 46, 'pending', 43, '2022-08-25 17:00:00', '2022-09-24 17:00:00'),
	(20, 32, 34, 'declined', 4, '2022-07-26 17:00:00', '2023-02-14 17:00:00'),
	(21, 17, 28, 'pending', 1, '2023-02-04 17:00:00', '2023-05-29 17:00:00'),
	(22, 42, 9, 'declined', 4, '2023-07-04 17:00:00', '2023-05-26 17:00:00'),
	(23, 6, 43, 'accepted', 6, '2023-06-27 17:00:00', '2023-05-25 17:00:00'),
	(24, 5, 42, 'pending', 16, '2022-10-28 17:00:00', '2023-02-19 17:00:00'),
	(25, 15, 35, 'pending', 32, '2023-03-07 17:00:00', '2023-01-10 17:00:00'),
	(26, 21, 40, 'blocked', 12, '2022-12-07 17:00:00', '2023-07-22 17:00:00'),
	(27, 26, 49, 'accepted', 8, '2022-09-11 17:00:00', '2022-12-12 17:00:00'),
	(28, 15, 24, 'accepted', 22, '2023-05-05 17:00:00', '2022-10-16 17:00:00'),
	(29, 38, 45, 'pending', 44, '2022-09-10 17:00:00', '2023-03-21 17:00:00'),
	(30, 1, 45, 'blocked', 40, '2022-09-23 17:00:00', '2022-12-14 17:00:00'),
	(31, 26, 30, 'declined', 31, '2023-01-27 17:00:00', '2023-05-21 17:00:00'),
	(32, 46, 17, 'accepted', 13, '2023-05-29 17:00:00', '2023-07-06 17:00:00'),
	(33, 19, 38, 'accepted', 35, '2023-04-19 17:00:00', '2022-08-26 17:00:00'),
	(34, 25, 37, 'blocked', 19, '2023-03-01 17:00:00', '2023-01-10 17:00:00'),
	(35, 29, 18, 'blocked', 27, '2023-06-30 17:00:00', '2022-11-13 17:00:00'),
	(36, 22, 36, 'pending', 24, '2023-04-24 17:00:00', '2022-09-28 17:00:00'),
	(37, 2, 9, 'accepted', 2, '2023-04-29 17:00:00', '2022-08-11 17:00:00'),
	(38, 11, 48, 'blocked', 45, '2022-10-10 17:00:00', '2022-09-20 17:00:00'),
	(39, 38, 32, 'accepted', 30, '2022-08-15 17:00:00', '2023-03-06 17:00:00'),
	(40, 12, 47, 'blocked', 34, '2023-02-14 17:00:00', '2022-08-25 17:00:00'),
	(41, 41, 5, 'declined', 21, '2022-10-02 17:00:00', '2023-05-20 17:00:00'),
	(42, 13, 32, 'accepted', 23, '2023-06-06 17:00:00', '2023-07-12 17:00:00'),
	(43, 49, 44, 'declined', 37, '2022-11-19 17:00:00', '2022-08-21 17:00:00'),
	(44, 25, 28, 'accepted', 22, '2022-10-25 17:00:00', '2022-12-19 17:00:00'),
	(45, 48, 44, 'declined', 28, '2022-12-25 17:00:00', '2022-08-16 17:00:00'),
	(46, 10, 40, 'accepted', 16, '2022-09-26 17:00:00', '2023-01-16 17:00:00'),
	(47, 22, 13, 'pending', 24, '2022-12-07 17:00:00', '2022-11-09 17:00:00'),
	(48, 9, 4, 'accepted', 47, '2023-06-18 17:00:00', '2023-07-24 17:00:00'),
	(49, 14, 17, 'accepted', 17, '2022-08-23 17:00:00', '2023-03-05 17:00:00'),
	(50, 1, 50, 'declined', 35, '2022-10-08 17:00:00', '2022-12-13 17:00:00');

-- Dumping structure for table facebookclone.likes
CREATE TABLE IF NOT EXISTS `likes` (
  `like_id` int(11) unsigned NOT NULL AUTO_INCREMENT,
  `user_id` int(11) unsigned NOT NULL,
  `post_id` int(11) unsigned NOT NULL,
  `created_at` timestamp NULL DEFAULT current_timestamp(),
  PRIMARY KEY (`like_id`),
  KEY `user_id` (`user_id`),
  KEY `post_id` (`post_id`),
  CONSTRAINT `likes_ibfk_1` FOREIGN KEY (`user_id`) REFERENCES `users` (`user_id`),
  CONSTRAINT `likes_ibfk_2` FOREIGN KEY (`post_id`) REFERENCES `posts` (`post_id`)
) ENGINE=InnoDB AUTO_INCREMENT=71 DEFAULT CHARSET=utf8mb4 COLLATE=utf8mb4_general_ci;

-- Dumping data for table facebookclone.likes: ~70 rows (approximately)
INSERT INTO `likes` (`like_id`, `user_id`, `post_id`, `created_at`) VALUES
	(1, 23, 19, '2023-06-15 17:00:00'),
	(2, 25, 19, '2023-06-17 17:00:00'),
	(3, 30, 4, '2023-03-28 17:00:00'),
	(4, 7, 5, '2022-09-01 17:00:00'),
	(5, 1, 10, '2023-06-16 17:00:00'),
	(6, 44, 14, '2023-01-21 17:00:00'),
	(7, 27, 20, '2022-11-04 17:00:00'),
	(8, 25, 3, '2022-09-10 17:00:00'),
	(9, 41, 15, '2023-07-05 17:00:00'),
	(10, 44, 11, '2023-04-08 17:00:00'),
	(11, 45, 15, '2023-04-24 17:00:00'),
	(12, 35, 5, '2023-06-17 17:00:00'),
	(13, 15, 14, '2022-08-10 17:00:00'),
	(14, 19, 9, '2023-03-17 17:00:00'),
	(15, 3, 20, '2023-07-16 17:00:00'),
	(16, 44, 9, '2022-07-29 17:00:00'),
	(17, 25, 12, '2023-06-27 17:00:00'),
	(18, 28, 3, '2022-09-21 17:00:00'),
	(19, 50, 9, '2023-03-05 17:00:00'),
	(20, 25, 1, '2023-04-02 17:00:00'),
	(21, 15, 19, '2023-07-24 17:00:00'),
	(22, 13, 1, '2023-01-26 17:00:00'),
	(23, 29, 7, '2023-02-01 17:00:00'),
	(24, 28, 19, '2022-12-13 17:00:00'),
	(25, 1, 13, '2023-03-29 17:00:00'),
	(26, 15, 19, '2023-03-29 17:00:00'),
	(27, 3, 2, '2022-08-07 17:00:00'),
	(28, 35, 14, '2022-10-07 17:00:00'),
	(29, 43, 10, '2023-01-25 17:00:00'),
	(30, 27, 10, '2023-02-04 17:00:00'),
	(31, 33, 19, '2022-11-15 17:00:00'),
	(32, 34, 12, '2023-03-17 17:00:00'),
	(33, 2, 15, '2023-05-06 17:00:00'),
	(34, 43, 16, '2023-01-28 17:00:00'),
	(35, 34, 15, '2022-08-26 17:00:00'),
	(36, 46, 4, '2023-03-21 17:00:00'),
	(37, 28, 14, '2022-10-20 17:00:00'),
	(38, 30, 4, '2022-12-26 17:00:00'),
	(39, 8, 9, '2023-01-16 17:00:00'),
	(40, 38, 3, '2022-10-06 17:00:00'),
	(41, 35, 20, '2023-06-17 17:00:00'),
	(42, 9, 2, '2023-05-15 17:00:00'),
	(43, 33, 13, '2023-05-13 17:00:00'),
	(44, 36, 19, '2023-03-27 17:00:00'),
	(45, 17, 5, '2023-01-02 17:00:00'),
	(46, 41, 6, '2022-10-18 17:00:00'),
	(47, 43, 17, '2022-11-22 17:00:00'),
	(48, 20, 11, '2022-07-30 17:00:00'),
	(49, 24, 10, '2023-02-05 17:00:00'),
	(50, 8, 12, '2022-07-28 17:00:00'),
	(51, 43, 5, '2023-07-19 17:00:00'),
	(52, 20, 12, '2023-06-20 17:00:00'),
	(53, 43, 6, '2023-05-19 17:00:00'),
	(54, 43, 7, '2022-12-05 17:00:00'),
	(55, 45, 9, '2023-03-18 17:00:00'),
	(56, 50, 1, '2022-09-25 17:00:00'),
	(57, 24, 6, '2023-05-09 17:00:00'),
	(58, 10, 1, '2023-07-16 17:00:00'),
	(59, 50, 1, '2023-03-31 17:00:00'),
	(60, 39, 4, '2022-11-26 17:00:00'),
	(61, 20, 2, '2023-03-29 17:00:00'),
	(62, 30, 20, '2022-09-14 17:00:00'),
	(63, 10, 9, '2022-11-20 17:00:00'),
	(64, 26, 9, '2023-02-16 17:00:00'),
	(65, 8, 3, '2023-06-12 17:00:00'),
	(66, 16, 20, '2022-08-17 17:00:00'),
	(67, 3, 8, '2022-12-27 17:00:00'),
	(68, 45, 3, '2023-02-16 17:00:00'),
	(69, 9, 17, '2023-04-06 17:00:00'),
	(70, 17, 15, '2023-01-14 17:00:00');

-- Dumping structure for table facebookclone.messages
CREATE TABLE IF NOT EXISTS `messages` (
  `message_id` int(11) unsigned NOT NULL AUTO_INCREMENT,
  `sender_id` int(11) unsigned NOT NULL,
  `receiver_id` int(11) unsigned NOT NULL,
  `message` text NOT NULL,
  `created_at` timestamp NULL DEFAULT current_timestamp(),
  `updated_at` timestamp NULL DEFAULT NULL ON UPDATE current_timestamp(),
  PRIMARY KEY (`message_id`),
  KEY `sender_id` (`sender_id`),
  KEY `receiver_id` (`receiver_id`),
  CONSTRAINT `messages_ibfk_1` FOREIGN KEY (`sender_id`) REFERENCES `users` (`user_id`),
  CONSTRAINT `messages_ibfk_2` FOREIGN KEY (`receiver_id`) REFERENCES `users` (`user_id`)
) ENGINE=InnoDB AUTO_INCREMENT=51 DEFAULT CHARSET=utf8mb4 COLLATE=utf8mb4_general_ci;

-- Dumping data for table facebookclone.messages: ~50 rows (approximately)
INSERT INTO `messages` (`message_id`, `sender_id`, `receiver_id`, `message`, `created_at`, `updated_at`) VALUES
	(1, 44, 40, '2023-06-03', '2023-01-07 17:00:00', '2023-06-12 17:00:00'),
	(2, 25, 48, '2022-11-06', '2023-01-04 17:00:00', '2022-11-29 17:00:00'),
	(3, 42, 10, '2023-06-10', '2022-11-26 17:00:00', '2023-01-14 17:00:00'),
	(4, 15, 34, '2023-01-13', '2023-05-31 17:00:00', '2023-02-05 17:00:00'),
	(5, 3, 9, '2023-02-11', '2022-11-04 17:00:00', '2023-07-15 17:00:00'),
	(6, 8, 13, '2023-03-12', '2023-03-26 17:00:00', '2022-08-08 17:00:00'),
	(7, 41, 10, '2023-03-30', '2023-01-30 17:00:00', '2023-03-06 17:00:00'),
	(8, 11, 6, '2022-08-14', '2023-02-23 17:00:00', '2023-03-24 17:00:00'),
	(9, 1, 21, '2023-02-03', '2023-05-17 17:00:00', '2023-02-27 17:00:00'),
	(10, 18, 13, '2023-07-22', '2022-10-21 17:00:00', '2022-10-23 17:00:00'),
	(11, 33, 7, '2022-12-13', '2023-06-06 17:00:00', '2023-06-30 17:00:00'),
	(12, 5, 16, '2022-08-16', '2022-08-19 17:00:00', '2023-01-27 17:00:00'),
	(13, 29, 46, '2023-07-22', '2022-09-18 17:00:00', '2023-03-17 17:00:00'),
	(14, 10, 45, '2023-02-17', '2022-09-15 17:00:00', '2023-01-29 17:00:00'),
	(15, 24, 26, '2022-08-09', '2022-12-14 17:00:00', '2023-06-06 17:00:00'),
	(16, 11, 31, '2022-09-09', '2023-02-13 17:00:00', '2022-09-02 17:00:00'),
	(17, 18, 48, '2022-09-30', '2023-05-01 17:00:00', '2023-01-21 17:00:00'),
	(18, 25, 45, '2022-09-03', '2022-11-14 17:00:00', '2023-03-30 17:00:00'),
	(19, 15, 12, '2022-11-13', '2023-05-31 17:00:00', '2023-07-04 17:00:00'),
	(20, 34, 6, '2023-02-13', '2022-10-27 17:00:00', '2022-11-14 17:00:00'),
	(21, 30, 18, '2022-09-27', '2023-05-12 17:00:00', '2022-08-20 17:00:00'),
	(22, 21, 2, '2023-03-05', '2022-09-20 17:00:00', '2023-04-02 17:00:00'),
	(23, 47, 25, '2023-01-03', '2023-03-04 17:00:00', '2023-04-25 17:00:00'),
	(24, 27, 34, '2023-04-12', '2023-07-18 17:00:00', '2022-09-04 17:00:00'),
	(25, 31, 43, '2023-01-03', '2023-04-30 17:00:00', '2022-09-10 17:00:00'),
	(26, 8, 46, '2022-10-23', '2023-03-12 17:00:00', '2023-06-29 17:00:00'),
	(27, 43, 24, '2023-01-08', '2023-05-16 17:00:00', '2022-12-08 17:00:00'),
	(28, 20, 33, '2023-01-03', '2023-03-10 17:00:00', '2022-12-01 17:00:00'),
	(29, 32, 36, '2023-02-28', '2022-08-12 17:00:00', '2023-05-08 17:00:00'),
	(30, 46, 42, '2022-11-13', '2023-06-23 17:00:00', '2023-07-09 17:00:00'),
	(31, 13, 42, '2022-08-01', '2022-09-13 17:00:00', '2022-11-12 17:00:00'),
	(32, 44, 30, '2023-04-26', '2023-03-14 17:00:00', '2022-08-08 17:00:00'),
	(33, 37, 33, '2023-07-23', '2023-07-04 17:00:00', '2022-10-28 17:00:00'),
	(34, 5, 14, '2023-03-23', '2023-05-08 17:00:00', '2023-01-11 17:00:00'),
	(35, 45, 24, '2022-08-24', '2023-02-11 17:00:00', '2023-06-30 17:00:00'),
	(36, 27, 14, '2023-07-03', '2023-03-11 17:00:00', '2022-10-01 17:00:00'),
	(37, 28, 28, '2023-06-07', '2022-10-04 17:00:00', '2023-07-21 17:00:00'),
	(38, 3, 6, '2023-07-24', '2023-03-16 17:00:00', '2022-11-15 17:00:00'),
	(39, 47, 22, '2022-11-21', '2023-01-18 17:00:00', '2023-06-09 17:00:00'),
	(40, 13, 29, '2022-07-30', '2023-05-03 17:00:00', '2022-11-28 17:00:00'),
	(41, 25, 9, '2023-07-01', '2023-04-03 17:00:00', '2023-04-18 17:00:00'),
	(42, 7, 46, '2022-08-03', '2022-10-08 17:00:00', '2023-02-13 17:00:00'),
	(43, 41, 40, '2022-09-22', '2022-08-16 17:00:00', '2022-10-02 17:00:00'),
	(44, 38, 26, '2022-11-03', '2023-05-09 17:00:00', '2022-12-13 17:00:00'),
	(45, 31, 38, '2023-05-11', '2023-07-07 17:00:00', '2023-06-14 17:00:00'),
	(46, 38, 35, '2022-08-03', '2023-07-09 17:00:00', '2023-05-31 17:00:00'),
	(47, 19, 33, '2023-01-09', '2022-08-24 17:00:00', '2023-06-29 17:00:00'),
	(48, 34, 19, '2023-06-19', '2023-05-31 17:00:00', '2022-10-02 17:00:00'),
	(49, 19, 1, '2023-05-15', '2023-06-06 17:00:00', '2022-10-12 17:00:00'),
	(50, 42, 21, '2022-08-10', '2022-12-26 17:00:00', '2022-09-19 17:00:00');

-- Dumping structure for table facebookclone.posts
CREATE TABLE IF NOT EXISTS `posts` (
  `post_id` int(11) unsigned NOT NULL AUTO_INCREMENT,
  `user_id` int(11) unsigned NOT NULL,
  `content` text DEFAULT NULL,
  `post_image` varchar(255) DEFAULT NULL,
  `created_at` timestamp NULL DEFAULT current_timestamp(),
  `updated_at` timestamp NULL DEFAULT NULL ON UPDATE current_timestamp(),
  PRIMARY KEY (`post_id`),
  KEY `user_id` (`user_id`),
  CONSTRAINT `posts_ibfk_1` FOREIGN KEY (`user_id`) REFERENCES `users` (`user_id`)
) ENGINE=InnoDB AUTO_INCREMENT=21 DEFAULT CHARSET=utf8mb4 COLLATE=utf8mb4_general_ci;

-- Dumping data for table facebookclone.posts: ~20 rows (approximately)
INSERT INTO `posts` (`post_id`, `user_id`, `content`, `post_image`, `created_at`, `updated_at`) VALUES
	(1, 49, 'congue etiam justo etiam pretium iaculis justo in hac habitasse platea dictumst etiam faucibus cursus urna', 'http://dummyimage.com/219x100.png/dddddd/000000', '2022-11-03 17:00:00', '2023-05-17 17:00:00'),
	(2, 33, 'eu tincidunt in leo maecenas pulvinar lobortis est phasellus sit amet erat nulla tempus vivamus', 'http://dummyimage.com/246x100.png/cc0000/ffffff', '2023-02-21 17:00:00', '2022-10-17 17:00:00'),
	(3, 5, 'sed tristique in tempus sit amet sem fusce consequat nulla nisl nunc nisl duis bibendum felis sed interdum venenatis turpis', 'http://dummyimage.com/187x100.png/cc0000/ffffff', '2023-07-16 17:00:00', '2023-03-15 17:00:00'),
	(4, 29, 'urna ut tellus nulla ut erat id mauris vulputate elementum nullam varius nulla facilisi cras non', 'http://dummyimage.com/204x100.png/ff4444/ffffff', '2023-03-22 17:00:00', '2023-05-29 17:00:00'),
	(5, 48, 'metus vitae ipsum aliquam non mauris morbi non lectus aliquam sit amet', 'http://dummyimage.com/166x100.png/5fa2dd/ffffff', '2023-01-16 17:00:00', '2023-07-24 17:00:00'),
	(6, 4, 'magna ac consequat metus sapien ut nunc vestibulum ante ipsum', 'http://dummyimage.com/228x100.png/dddddd/000000', '2022-08-24 17:00:00', '2023-03-30 17:00:00'),
	(7, 4, 'non sodales sed tincidunt eu felis fusce posuere felis sed lacus morbi sem mauris laoreet', 'http://dummyimage.com/153x100.png/dddddd/000000', '2022-08-10 17:00:00', '2023-01-16 17:00:00'),
	(8, 6, 'maecenas leo odio condimentum id luctus nec molestie sed justo pellentesque viverra pede ac diam', 'http://dummyimage.com/207x100.png/5fa2dd/ffffff', '2023-06-26 17:00:00', '2022-10-12 17:00:00'),
	(9, 19, 'justo aliquam quis turpis eget elit sodales scelerisque mauris sit', 'http://dummyimage.com/103x100.png/dddddd/000000', '2022-12-07 17:00:00', '2023-07-01 17:00:00'),
	(10, 23, 'vel ipsum praesent blandit lacinia erat vestibulum sed magna at nunc commodo placerat praesent blandit nam', 'http://dummyimage.com/181x100.png/ff4444/ffffff', '2023-07-18 17:00:00', '2023-02-02 17:00:00'),
	(11, 27, 'in felis eu sapien cursus vestibulum proin eu mi nulla ac enim', 'http://dummyimage.com/164x100.png/ff4444/ffffff', '2023-03-01 17:00:00', '2023-03-10 17:00:00'),
	(12, 45, 'eu magna vulputate luctus cum sociis natoque penatibus et magnis dis', 'http://dummyimage.com/175x100.png/ff4444/ffffff', '2023-04-22 17:00:00', '2022-11-06 17:00:00'),
	(13, 18, 'ut nulla sed accumsan felis ut at dolor quis odio consequat varius integer ac leo pellentesque ultrices mattis odio', 'http://dummyimage.com/104x100.png/ff4444/ffffff', '2023-01-30 17:00:00', '2022-10-25 17:00:00'),
	(14, 39, 'ante ipsum primis in faucibus orci luctus et ultrices posuere cubilia', 'http://dummyimage.com/198x100.png/5fa2dd/ffffff', '2023-05-26 17:00:00', '2023-02-20 17:00:00'),
	(15, 46, 'semper interdum mauris ullamcorper purus sit amet nulla quisque arcu libero rutrum ac', 'http://dummyimage.com/219x100.png/cc0000/ffffff', '2022-10-30 17:00:00', '2023-03-20 17:00:00'),
	(16, 43, 'mi nulla ac enim in tempor turpis nec euismod scelerisque quam turpis adipiscing lorem vitae mattis nibh', 'http://dummyimage.com/234x100.png/ff4444/ffffff', '2023-03-30 17:00:00', '2022-08-26 17:00:00'),
	(17, 12, 'sapien arcu sed augue aliquam erat volutpat in congue etiam', 'http://dummyimage.com/195x100.png/cc0000/ffffff', '2023-01-12 17:00:00', '2022-08-21 17:00:00'),
	(18, 21, 'mus etiam vel augue vestibulum rutrum rutrum neque aenean auctor gravida sem praesent id massa', 'http://dummyimage.com/165x100.png/dddddd/000000', '2022-07-25 17:00:00', '2023-04-12 17:00:00'),
	(19, 30, 'ac leo pellentesque ultrices mattis odio donec vitae nisi nam ultrices libero non mattis pulvinar nulla pede', 'http://dummyimage.com/206x100.png/cc0000/ffffff', '2022-08-07 17:00:00', '2023-01-16 17:00:00'),
	(20, 47, 'in quam fringilla rhoncus mauris enim leo rhoncus sed vestibulum sit amet cursus id', 'http://dummyimage.com/140x100.png/cc0000/ffffff', '2022-10-30 17:00:00', '2022-10-19 17:00:00');

-- Dumping structure for table facebookclone.users
CREATE TABLE IF NOT EXISTS `users` (
  `user_id` int(11) unsigned NOT NULL AUTO_INCREMENT,
  `username` varchar(50) NOT NULL,
  `email` varchar(100) NOT NULL,
  `password` varchar(255) NOT NULL,
  `profile_picture` varchar(255) DEFAULT NULL,
  `bio` text DEFAULT NULL,
  `created_at` timestamp NULL DEFAULT current_timestamp(),
  `updated_at` timestamp NULL DEFAULT NULL ON UPDATE current_timestamp(),
  PRIMARY KEY (`user_id`),
  UNIQUE KEY `username` (`username`),
  UNIQUE KEY `email` (`email`)
) ENGINE=InnoDB AUTO_INCREMENT=51 DEFAULT CHARSET=utf8mb4 COLLATE=utf8mb4_general_ci;

-- Dumping data for table facebookclone.users: ~50 rows (approximately)
INSERT INTO `users` (`user_id`, `username`, `email`, `password`, `profile_picture`, `bio`, `created_at`, `updated_at`) VALUES
	(1, 'Kaylyn Mecco', 'kmecco0@fotki.com', '$2a$04$SMIjUuS1kDusdVEPu0QdOO5VAxfUF0RiHiVp81GzVfxzkGx3L9DaC', 'http://dummyimage.com/191x100.png/dddddd/000000', 'Erdman LLC', '2023-03-28 17:00:00', '2022-09-21 17:00:00'),
	(2, 'Kelila Stedell', 'kstedell1@ibm.com', '$2a$04$PnmDrjF4X3a4FiE2Dx0xOO.6xJ2TQHO.PVhou0EVrA5zQxM2S7Wiq', 'http://dummyimage.com/175x100.png/ff4444/ffffff', 'Weimann, Wyman and Kuphal', '2023-01-20 17:00:00', '2022-12-31 17:00:00'),
	(3, 'Amy Sharrock', 'asharrock2@jigsy.com', '$2a$04$xUCGdN7GEBfevUxqf4tXMufqursu.2CEsMXXPM.7GKke.4.jjitb2', 'http://dummyimage.com/223x100.png/ff4444/ffffff', 'Pfannerstill-Luettgen', '2023-01-15 17:00:00', '2023-03-19 17:00:00'),
	(4, 'Ebenezer Walters', 'ewalters3@etsy.com', '$2a$04$211iCroINq5DDmOf18gbR.CyrifVQvbrLTQwa2M7OVHzdbG/kt/xy', 'http://dummyimage.com/222x100.png/ff4444/ffffff', 'Bauch Group', '2022-10-10 17:00:00', '2022-11-19 17:00:00'),
	(5, 'Jenelle Curley', 'jcurley4@so-net.ne.jp', '$2a$04$dWd8wheakKNkFnWGFi0dOeUQa.7O5plbSG3lsPu6DlLr8/9EPNbCS', 'http://dummyimage.com/217x100.png/dddddd/000000', 'Haley-Koch', '2023-05-05 17:00:00', '2023-01-05 17:00:00'),
	(6, 'Berkie Chaddock', 'bchaddock5@nymag.com', '$2a$04$gC5A5gdnh0NioogfcvS7ju09CsEpx4WYUbpnBLKjoZgVUhgIwBhf6', 'http://dummyimage.com/174x100.png/5fa2dd/ffffff', 'Yundt, Roberts and Wiza', '2023-01-05 17:00:00', '2023-07-23 17:00:00'),
	(7, 'Nyssa Bakhrushkin', 'nbakhrushkin6@cargocollective.com', '$2a$04$JgkCIraHDj7DlxnFQdf81eq5ZBPWYFNEIWkFKl8.BWW9/c6xXpyUS', 'http://dummyimage.com/246x100.png/dddddd/000000', 'Schinner Inc', '2022-12-19 17:00:00', '2022-12-06 17:00:00'),
	(8, 'Kalil Eglise', 'keglise7@ft.com', '$2a$04$DFyf/RqdN5afN5JJ.Jl3Su5P9o46w2ebsIdcFnBTAZZmL5nUSCAV.', 'http://dummyimage.com/223x100.png/dddddd/000000', 'Wehner Inc', '2023-07-24 17:00:00', '2023-03-09 17:00:00'),
	(9, 'Ray Meatyard', 'rmeatyard8@cocolog-nifty.com', '$2a$04$ONplgw1osWra4v0jswSDC.OZzXwYgYtzuZnk5R5Lgt.vIEmpITtHm', 'http://dummyimage.com/151x100.png/dddddd/000000', 'Luettgen-Deckow', '2023-01-24 17:00:00', '2023-01-24 17:00:00'),
	(10, 'Delano Cianelli', 'dcianelli9@abc.net.au', '$2a$04$qwG2g76NJOXo3b8tYqoTSO2MTfK2br.D9j/svtJXdFkv7vsIc0tTK', 'http://dummyimage.com/194x100.png/dddddd/000000', 'Hirthe LLC', '2023-07-21 17:00:00', '2023-02-15 17:00:00'),
	(11, 'Bethina Rowlatt', 'browlatta@dailymotion.com', '$2a$04$jUvR9sdQh8200iZJOwTxheHbViWiuy3MMBUUOZFJPaLh/4Qd7mfPO', 'http://dummyimage.com/180x100.png/ff4444/ffffff', 'Stanton Inc', '2023-03-18 17:00:00', '2023-02-28 17:00:00'),
	(12, 'Wenda Rohfsen', 'wrohfsenb@histats.com', '$2a$04$7lRgmDGlHv6RL9zK4Ufgw.FPyOEnJf.gra3PlmZBX00znmXKmlW5K', 'http://dummyimage.com/174x100.png/dddddd/000000', 'Jerde-Nikolaus', '2022-09-21 17:00:00', '2023-02-24 17:00:00'),
	(13, 'Olenolin Rockcliffe', 'orockcliffec@hexun.com', '$2a$04$sysTBDlBfsCgP3.AXohk7eR6RHlHHsljrsF0Q.27XCOiU.5mGl9dW', 'http://dummyimage.com/171x100.png/cc0000/ffffff', 'Crooks-Carroll', '2022-11-03 17:00:00', '2022-10-19 17:00:00'),
	(14, 'Gerardo Laity', 'glaityd@artisteer.com', '$2a$04$wtihSYuhC27oVn0htltHruQrUMWVG2i.RJ/ZsWNZfwY9f21YFE5Su', 'http://dummyimage.com/194x100.png/dddddd/000000', 'Corwin, Goldner and Dietrich', '2023-01-20 17:00:00', '2023-03-26 17:00:00'),
	(15, 'Nap Abramowsky', 'nabramowskye@hao123.com', '$2a$04$JwRroJBzhi4JIT729X.St.u0Q9Rjyi3bAmbunHqscpGxGwiX7lzsG', 'http://dummyimage.com/122x100.png/dddddd/000000', 'Terry, Christiansen and Robel', '2022-10-15 17:00:00', '2022-11-09 17:00:00'),
	(16, 'Vladimir Stansbury', 'vstansburyf@php.net', '$2a$04$1N97Ho9ObuEbOT0DtbxOtuwCXlGxFQJr/JVgEf5ddQoBPDIdtbWsS', 'http://dummyimage.com/127x100.png/dddddd/000000', 'Carroll-Bailey', '2023-06-16 17:00:00', '2023-06-12 17:00:00'),
	(17, 'Caron Dudin', 'cduding@yandex.ru', '$2a$04$fDHHG7McKZh7xGRrIHFCdekhrLC0WoML6fwzSe0437fSETkV3puk.', 'http://dummyimage.com/121x100.png/ff4444/ffffff', 'Wilkinson LLC', '2023-05-04 17:00:00', '2022-09-22 17:00:00'),
	(18, 'Monro Bougen', 'mbougenh@businessweek.com', '$2a$04$kn4MawYD7uGyT8gKCAzPY.VN6CVLiA.5fEv7ECmw3JiZhR6xTS1dG', 'http://dummyimage.com/216x100.png/ff4444/ffffff', 'Walker, Heathcote and Leuschke', '2023-01-11 17:00:00', '2022-11-14 17:00:00'),
	(19, 'Riane Climpson', 'rclimpsoni@friendfeed.com', '$2a$04$/qP2PP5nLUDx2j6/BdCj2.KGelpmokZLr5ojJDu4soZpeIfbIvqAe', 'http://dummyimage.com/119x100.png/dddddd/000000', 'Gutkowski, Bednar and Anderson', '2023-07-05 17:00:00', '2022-10-25 17:00:00'),
	(20, 'Kearney Readmire', 'kreadmirej@zdnet.com', '$2a$04$mb1L394V/IBtPrLaUU7Gjuko7S41tM0DJaGmVyiX1yCwcyuqnnFpy', 'http://dummyimage.com/126x100.png/dddddd/000000', 'Considine Inc', '2023-01-01 17:00:00', '2023-06-29 17:00:00'),
	(21, 'Germaine Kerfod', 'gkerfodk@engadget.com', '$2a$04$nQovx/XkFCVIhJHhS6Tu7O6HGbVxUMF.n1Ey3NblqmjEgevAPqy2i', 'http://dummyimage.com/214x100.png/cc0000/ffffff', 'Parisian, Hessel and Denesik', '2022-11-14 17:00:00', '2023-05-08 17:00:00'),
	(22, 'Freda de Juares', 'fdel@vimeo.com', '$2a$04$U6Da9j1TI.qaVVFWg/Bo9.mXw6Rx0FR/rfF/IJqQnZ5/Cm26e2lb6', 'http://dummyimage.com/127x100.png/dddddd/000000', 'Johnson, Ledner and Reichel', '2023-02-14 17:00:00', '2022-10-11 17:00:00'),
	(23, 'Nance Boow', 'nboowm@nyu.edu', '$2a$04$j6mC/CBxJahq1SaO4P6Gmu6j67vrhbu3FO/X5TKA7gXmLf68HGu7u', 'http://dummyimage.com/219x100.png/dddddd/000000', 'Barrows-Murray', '2022-12-21 17:00:00', '2022-08-25 17:00:00'),
	(24, 'Shayne Doornbos', 'sdoornbosn@apache.org', '$2a$04$0xjLtHcu9d7WhgNWnwUTguO.cfL5LckRGmJl/WlCjFwS4gEO9lOhu', 'http://dummyimage.com/246x100.png/5fa2dd/ffffff', 'O\'Conner-Lehner', '2023-02-05 17:00:00', '2023-04-09 17:00:00'),
	(25, 'Enrica Townshend', 'etownshendo@odnoklassniki.ru', '$2a$04$x3mhOaIkuiXyJ9V4KtamkOJ4ggzL.lQCt.kjyfAvV2RJnFBPx/FRa', 'http://dummyimage.com/243x100.png/dddddd/000000', 'Mraz-Carter', '2022-09-29 17:00:00', '2023-02-02 17:00:00'),
	(26, 'Hastings Soar', 'hsoarp@dell.com', '$2a$04$gxy6Af4vAmPBkjLIELc4b.ox1f57f4Xqm3YcVi3yg3xqvXpLZVfkG', 'http://dummyimage.com/133x100.png/cc0000/ffffff', 'Wuckert, Kuhic and Mosciski', '2023-03-30 17:00:00', '2022-12-08 17:00:00'),
	(27, 'Pavel Tees', 'pteesq@vk.com', '$2a$04$IPi1D5jOle74s4H4qwBaAO1u/54TO0W8Lp5Gsm94Usvnc/I0Lpmwa', 'http://dummyimage.com/231x100.png/dddddd/000000', 'Mosciski, Breitenberg and Emard', '2022-10-07 17:00:00', '2022-08-02 17:00:00'),
	(28, 'Missie Eagger', 'meaggerr@liveinternet.ru', '$2a$04$f5v81ES9yE9mm.B4RvJwTeyH92jJNZMWIEiyFG0yYIKdKC0wdif2G', 'http://dummyimage.com/107x100.png/ff4444/ffffff', 'Wisozk Inc', '2022-10-20 17:00:00', '2022-11-13 17:00:00'),
	(29, 'Xylia Grandison', 'xgrandisons@goodreads.com', '$2a$04$GwySC.dlwCiJSSzFTfudsO7E6IGu19ISEVnFA7q1qNN/I1NK7tg82', 'http://dummyimage.com/128x100.png/ff4444/ffffff', 'Braun LLC', '2023-03-06 17:00:00', '2023-07-11 17:00:00'),
	(30, 'Karena Gabel', 'kgabelt@123-reg.co.uk', '$2a$04$wdHAVEstIpOzNinsR2Th9e7hF0cbhbLZUFCygeauDm.Ww6yLwGMgy', 'http://dummyimage.com/165x100.png/ff4444/ffffff', 'Koepp, Keeling and Stoltenberg', '2023-07-21 17:00:00', '2023-07-13 17:00:00'),
	(31, 'Odie Sponder', 'osponderu@friendfeed.com', '$2a$04$JlFhaPuUcRIC4OEACJQAneFdFIoC7KGVo9Zhj//mQP7OZpwPpgqlO', 'http://dummyimage.com/197x100.png/5fa2dd/ffffff', 'Nolan, Parisian and Goodwin', '2022-11-06 17:00:00', '2022-08-21 17:00:00'),
	(32, 'Elnora Pilling', 'epillingv@digg.com', '$2a$04$IKtIViSW7Kj3GvhLbO7ts.DOvTAIuGBo9cJW1A6eLrv8s/lAic4pK', 'http://dummyimage.com/170x100.png/cc0000/ffffff', 'White, Emard and Kshlerin', '2022-11-02 17:00:00', '2023-05-03 17:00:00'),
	(33, 'Jarrett Kinver', 'jkinverw@myspace.com', '$2a$04$uoFO9Gae9TI8fmuuKWtE1OKGoPHU8HOmXnv81H.dJ77biktiMYej2', 'http://dummyimage.com/247x100.png/5fa2dd/ffffff', 'Cole, Tremblay and Durgan', '2022-11-21 17:00:00', '2023-07-19 17:00:00'),
	(34, 'Amandi Laxen', 'alaxenx@posterous.com', '$2a$04$y.gu110LMKy/4jfFfc.hyeuP06d3AXZCb.rDvL.Mu1Llkz8oSVJd.', 'http://dummyimage.com/156x100.png/dddddd/000000', 'Legros-Mraz', '2023-04-07 17:00:00', '2023-06-23 17:00:00'),
	(35, 'Nestor Casely', 'ncaselyy@yale.edu', '$2a$04$nY/iiBLlCYlLgtXsoqU54ecDp4LY4YjFYcWUR0GRiblODPi1FBHn.', 'http://dummyimage.com/118x100.png/dddddd/000000', 'Reilly and Sons', '2023-02-21 17:00:00', '2022-08-24 17:00:00'),
	(36, 'Emlyn Kubala', 'ekubalaz@ftc.gov', '$2a$04$tXZ7mYHHS4X2mNCs9Bt47OBaN5psHSsOOXwSMkQJipca8Pe5L36xy', 'http://dummyimage.com/188x100.png/cc0000/ffffff', 'Sporer, Fadel and Zboncak', '2023-05-13 17:00:00', '2023-04-24 17:00:00'),
	(37, 'Tessi Rogans', 'trogans10@harvard.edu', '$2a$04$gigOzyqJkGVZqAU86O9nSex2.vfdZezfSpl18NdmEXOHoCKmbB/wK', 'http://dummyimage.com/107x100.png/5fa2dd/ffffff', 'O\'Keefe-Metz', '2022-08-23 17:00:00', '2022-11-15 17:00:00'),
	(38, 'Zacharias Burkinshaw', 'zburkinshaw11@google.pl', '$2a$04$oYLPmas6uNAH2l42C98Kje0dxFNwMb3QBtXSpQBqPaagcuyc.vnJC', 'http://dummyimage.com/209x100.png/dddddd/000000', 'West Group', '2022-09-01 17:00:00', '2023-07-07 17:00:00'),
	(39, 'Gil Studde', 'gstudde12@weebly.com', '$2a$04$1uQIBXzWp17Obfjuel/vFO0sXBQi4ufkMRJOwDHtbxzuFeron5lce', 'http://dummyimage.com/163x100.png/cc0000/ffffff', 'O\'Conner-Grant', '2023-03-11 17:00:00', '2023-07-17 17:00:00'),
	(40, 'Kata Habershon', 'khabershon13@wufoo.com', '$2a$04$zL3PyJbTEU2AV1QHrR6WD.Cn1t2GtKaemKi2PNi79SY9N88cFgvIO', 'http://dummyimage.com/132x100.png/dddddd/000000', 'Thiel-Deckow', '2022-09-27 17:00:00', '2023-07-17 17:00:00'),
	(41, 'Durward Comettoi', 'dcomettoi14@amazon.com', '$2a$04$NmnRqYIRSYiFM12QitBoXuz9yejeCmCoYE0jJ0iEb.rg9BVe2CIai', 'http://dummyimage.com/168x100.png/5fa2dd/ffffff', 'Beatty LLC', '2022-11-11 17:00:00', '2023-05-09 17:00:00'),
	(42, 'Armin Ludlamme', 'aludlamme15@ifeng.com', '$2a$04$9Gt.ZjyX.9A/Z/lclgXciOWIDy9PFw.ClClfq3f8RYlbOK7LbiLFy', 'http://dummyimage.com/190x100.png/cc0000/ffffff', 'Wuckert, Koepp and Hodkiewicz', '2022-09-11 17:00:00', '2023-03-27 17:00:00'),
	(43, 'Courtney Smallsman', 'csmallsman16@cafepress.com', '$2a$04$TJf0Fef/wx1G9dOm9y4rK.yzjfRKxXv75OLJrXB/FI6h7hdifhFg2', 'http://dummyimage.com/198x100.png/ff4444/ffffff', 'Schmitt-Denesik', '2023-01-29 17:00:00', '2022-09-13 17:00:00'),
	(44, 'Theodore Jakoviljevic', 'tjakoviljevic17@histats.com', '$2a$04$Ggn9LFjyCe92rN5GpVSe8.1R1DKPAlQpr3uHoABSKkQeVYnhMWFH.', 'http://dummyimage.com/227x100.png/dddddd/000000', 'Johnston-Yost', '2023-02-12 17:00:00', '2022-08-14 17:00:00'),
	(45, 'Bonny Dummigan', 'bdummigan18@tumblr.com', '$2a$04$C7uiKTbirXjJSoBBGCNUD.VAWsMISCLyy6e6cQ0DfzMYwPEQSYahO', 'http://dummyimage.com/167x100.png/cc0000/ffffff', 'Denesik, Hayes and Beer', '2022-08-12 17:00:00', '2022-11-22 17:00:00'),
	(46, 'Charmaine Houlton', 'choulton19@blogs.com', '$2a$04$tUsDXWQ4q68W6SlC3rWAa.znpO5C5dIesA8ROd.nfjBOKEvKo6JPe', 'http://dummyimage.com/166x100.png/ff4444/ffffff', 'Kilback, McClure and Gleason', '2023-05-06 17:00:00', '2023-03-16 17:00:00'),
	(47, 'Gasper Fawley', 'gfawley1a@scribd.com', '$2a$04$zhFqM5uEYls/ZqgGHH72ZespgC1VJKvgJqbTfJKE12L45WSIdO.C.', 'http://dummyimage.com/184x100.png/dddddd/000000', 'Hilpert and Sons', '2023-05-08 17:00:00', '2022-11-07 17:00:00'),
	(48, 'Cristionna Flannigan', 'cflannigan1b@google.nl', '$2a$04$bMa2G8JWASPnqEw5e/ou8.T2DiEsBH0CGZxvMEx1juKhTvGlSzmUa', 'http://dummyimage.com/210x100.png/dddddd/000000', 'Dickens LLC', '2023-03-18 17:00:00', '2022-12-18 17:00:00'),
	(49, 'Ambrosi Picheford', 'apicheford1c@themeforest.net', '$2a$04$68rjn1f.uYD/zNccbf0eXuCeRV/lwDkySXoQt4Q5kUaKa.PcYLKT6', 'http://dummyimage.com/142x100.png/ff4444/ffffff', 'Labadie-Wunsch', '2023-06-06 17:00:00', '2022-09-17 17:00:00'),
	(50, 'Janeta Fetterplace', 'jfetterplace1d@dell.com', '$2a$04$YLI0dDLVMN18HrHDjXq0TeNg5LqiPN.RBQjA3vWnlJolICMf0f6GG', 'http://dummyimage.com/130x100.png/cc0000/ffffff', 'O\'Keefe-Torphy', '2023-04-14 17:00:00', '2023-06-23 17:00:00');

/*!40103 SET TIME_ZONE=IFNULL(@OLD_TIME_ZONE, 'system') */;
/*!40101 SET SQL_MODE=IFNULL(@OLD_SQL_MODE, '') */;
/*!40014 SET FOREIGN_KEY_CHECKS=IFNULL(@OLD_FOREIGN_KEY_CHECKS, 1) */;
/*!40101 SET CHARACTER_SET_CLIENT=@OLD_CHARACTER_SET_CLIENT */;
/*!40111 SET SQL_NOTES=IFNULL(@OLD_SQL_NOTES, 1) */;
